ID,Username,Date,Tweet,Emotion,Anger,Anticipation,Disgust,Fear,Joy,Sadness,Surprise,Trust,Word,Valence,Arousal,Dominance,Emotions
5,BarackObama,9/7/18 8:08,Today I m at the University of Illinois to deliver a simple message to young people all over the country: You need to vote because our democracy depends on it. I hope you'll tune in at 11am CT: ,Anger,0.388241529,0.081046648,0.00944345,0.127276048,0.026758483,0.05276943,0.086413406,0.228051022,deliver,0.583,0.582,0.37,-
5,BarackObama,9/7/18 8:08,Today I m at the University of Illinois to deliver a simple message to young people all over the country: You need to vote because our democracy depends on it. I hope you'll tune in at 11am CT: ,Anger,0.388241529,0.081046648,0.00944345,0.127276048,0.026758483,0.05276943,0.086413406,0.228051022,democracy,0.68,0.84,0.5,positive-
5,BarackObama,9/7/18 8:08,Today I m at the University of Illinois to deliver a simple message to young people all over the country: You need to vote because our democracy depends on it. I hope you'll tune in at 11am CT: ,Anger,0.388241529,0.081046648,0.00944345,0.127276048,0.026758483,0.05276943,0.086413406,0.228051022,hope,0.927,0.739,0.317,anticipation-joy-positive-surprise-trust-
5,BarackObama,9/7/18 8:08,Today I m at the University of Illinois to deliver a simple message to young people all over the country: You need to vote because our democracy depends on it. I hope you'll tune in at 11am CT: ,Anger,0.388241529,0.081046648,0.00944345,0.127276048,0.026758483,0.05276943,0.086413406,0.228051022,message,0.65,0.415,0.391,-
5,BarackObama,9/7/18 8:08,Today I m at the University of Illinois to deliver a simple message to young people all over the country: You need to vote because our democracy depends on it. I hope you'll tune in at 11am CT: ,Anger,0.388241529,0.081046648,0.00944345,0.127276048,0.026758483,0.05276943,0.086413406,0.228051022,need,0.51,0.2,0.574,-
5,BarackObama,9/7/18 8:08,Today I m at the University of Illinois to deliver a simple message to young people all over the country: You need to vote because our democracy depends on it. I hope you'll tune in at 11am CT: ,Anger,0.388241529,0.081046648,0.00944345,0.127276048,0.026758483,0.05276943,0.086413406,0.228051022,people,0.604,0.5,0.4,-
5,BarackObama,9/7/18 8:08,Today I m at the University of Illinois to deliver a simple message to young people all over the country: You need to vote because our democracy depends on it. I hope you'll tune in at 11am CT: ,Anger,0.388241529,0.081046648,0.00944345,0.127276048,0.026758483,0.05276943,0.086413406,0.228051022,simple,0.653,0.314,0.13,-
5,BarackObama,9/7/18 8:08,Today I m at the University of Illinois to deliver a simple message to young people all over the country: You need to vote because our democracy depends on it. I hope you'll tune in at 11am CT: ,Anger,0.388241529,0.081046648,0.00944345,0.127276048,0.026758483,0.05276943,0.086413406,0.228051022,tune,0.708,0.426,0.479,-
5,BarackObama,9/7/18 8:08,Today I m at the University of Illinois to deliver a simple message to young people all over the country: You need to vote because our democracy depends on it. I hope you'll tune in at 11am CT: ,Anger,0.388241529,0.081046648,0.00944345,0.127276048,0.026758483,0.05276943,0.086413406,0.228051022,vote,0.582,0.649,0.5,anger-anticipation-joy-negative-positive-sadness-surprise-trust-
5,BarackObama,9/7/18 8:08,Today I m at the University of Illinois to deliver a simple message to young people all over the country: You need to vote because our democracy depends on it. I hope you'll tune in at 11am CT: ,Anger,0.388241529,0.081046648,0.00944345,0.127276048,0.026758483,0.05276943,0.086413406,0.228051022,young,0.812,0.537,0.52,anticipation-joy-positive-surprise-
10,BarackObama,8/6/18 7:53,Bobby Kennedy was one of my heroes. He was someone who showed us the power of acting on our ideals the idea that any of us can be one of the million different centers of energy and daring that ultimately combine to change the world for the better. ,Trust,0.052629009,0.014671943,0.013579847,0.123791412,0.089775294,0.005987868,0.034790065,0.664774537,acting,0.698,0.5,0.643,-
10,BarackObama,8/6/18 7:53,Bobby Kennedy was one of my heroes. He was someone who showed us the power of acting on our ideals the idea that any of us can be one of the million different centers of energy and daring that ultimately combine to change the world for the better. ,Trust,0.052629009,0.014671943,0.013579847,0.123791412,0.089775294,0.005987868,0.034790065,0.664774537,be,0.67,0.554,0.24,-
10,BarackObama,8/6/18 7:53,Bobby Kennedy was one of my heroes. He was someone who showed us the power of acting on our ideals the idea that any of us can be one of the million different centers of energy and daring that ultimately combine to change the world for the better. ,Trust,0.052629009,0.014671943,0.013579847,0.123791412,0.089775294,0.005987868,0.034790065,0.664774537,can,0.662,0.454,0.36,-
10,BarackObama,8/6/18 7:53,Bobby Kennedy was one of my heroes. He was someone who showed us the power of acting on our ideals the idea that any of us can be one of the million different centers of energy and daring that ultimately combine to change the world for the better. ,Trust,0.052629009,0.014671943,0.013579847,0.123791412,0.089775294,0.005987868,0.034790065,0.664774537,can,opener,0.491,0.444,-
10,BarackObama,8/6/18 7:53,Bobby Kennedy was one of my heroes. He was someone who showed us the power of acting on our ideals the idea that any of us can be one of the million different centers of energy and daring that ultimately combine to change the world for the better. ,Trust,0.052629009,0.014671943,0.013579847,0.123791412,0.089775294,0.005987868,0.034790065,0.664774537,change,0.625,0.606,0.575,fear-
10,BarackObama,8/6/18 7:53,Bobby Kennedy was one of my heroes. He was someone who showed us the power of acting on our ideals the idea that any of us can be one of the million different centers of energy and daring that ultimately combine to change the world for the better. ,Trust,0.052629009,0.014671943,0.013579847,0.123791412,0.089775294,0.005987868,0.034790065,0.664774537,combine,0.663,0.533,0.442,-
10,BarackObama,8/6/18 7:53,Bobby Kennedy was one of my heroes. He was someone who showed us the power of acting on our ideals the idea that any of us can be one of the million different centers of energy and daring that ultimately combine to change the world for the better. ,Trust,0.052629009,0.014671943,0.013579847,0.123791412,0.089775294,0.005987868,0.034790065,0.664774537,daring,0.583,0.711,0.84,positive-
10,BarackObama,8/6/18 7:53,Bobby Kennedy was one of my heroes. He was someone who showed us the power of acting on our ideals the idea that any of us can be one of the million different centers of energy and daring that ultimately combine to change the world for the better. ,Trust,0.052629009,0.014671943,0.013579847,0.123791412,0.089775294,0.005987868,0.034790065,0.664774537,different,0.612,0.473,0.394,-
10,BarackObama,8/6/18 7:53,Bobby Kennedy was one of my heroes. He was someone who showed us the power of acting on our ideals the idea that any of us can be one of the million different centers of energy and daring that ultimately combine to change the world for the better. ,Trust,0.052629009,0.014671943,0.013579847,0.123791412,0.089775294,0.005987868,0.034790065,0.664774537,energy,0.944,0.868,0.725,-
10,BarackObama,8/6/18 7:53,Bobby Kennedy was one of my heroes. He was someone who showed us the power of acting on our ideals the idea that any of us can be one of the million different centers of energy and daring that ultimately combine to change the world for the better. ,Trust,0.052629009,0.014671943,0.013579847,0.123791412,0.089775294,0.005987868,0.034790065,0.664774537,idea,0.75,0.704,0.538,-
10,BarackObama,8/6/18 7:53,Bobby Kennedy was one of my heroes. He was someone who showed us the power of acting on our ideals the idea that any of us can be one of the million different centers of energy and daring that ultimately combine to change the world for the better. ,Trust,0.052629009,0.014671943,0.013579847,0.123791412,0.089775294,0.005987868,0.034790065,0.664774537,million,0.776,0.812,0.647,-
10,BarackObama,8/6/18 7:53,Bobby Kennedy was one of my heroes. He was someone who showed us the power of acting on our ideals the idea that any of us can be one of the million different centers of energy and daring that ultimately combine to change the world for the better. ,Trust,0.052629009,0.014671943,0.013579847,0.123791412,0.089775294,0.005987868,0.034790065,0.664774537,one,0.542,0.37,0.292,-
10,BarackObama,8/6/18 7:53,Bobby Kennedy was one of my heroes. He was someone who showed us the power of acting on our ideals the idea that any of us can be one of the million different centers of energy and daring that ultimately combine to change the world for the better. ,Trust,0.052629009,0.014671943,0.013579847,0.123791412,0.089775294,0.005987868,0.034790065,0.664774537,power,0.719,0.953,0.67,-
10,BarackObama,8/6/18 7:53,Bobby Kennedy was one of my heroes. He was someone who showed us the power of acting on our ideals the idea that any of us can be one of the million different centers of energy and daring that ultimately combine to change the world for the better. ,Trust,0.052629009,0.014671943,0.013579847,0.123791412,0.089775294,0.005987868,0.034790065,0.664774537,ultimately,0.385,0.558,0.48,anticipation-positive-
10,BarackObama,8/6/18 7:53,Bobby Kennedy was one of my heroes. He was someone who showed us the power of acting on our ideals the idea that any of us can be one of the million different centers of energy and daring that ultimately combine to change the world for the better. ,Trust,0.052629009,0.014671943,0.013579847,0.123791412,0.089775294,0.005987868,0.034790065,0.664774537,world,0.622,0.75,0.394,-
11,BarackObama,8/1/18 9:20,I m confident that together they ll strengthen this country we love by restoring opportunity repairing our alliances and standing in the world and upholding our fundamental commitment to justice fairness responsibility and the rule of law. But first they need our votes. ,Trust,0.028080966,0.002859662,0.00482065,0.154347107,0.220879689,0.031380463,0.009324874,0.548306584,commitment,0.714,0.843,0.71,-
11,BarackObama,8/1/18 9:20,I m confident that together they ll strengthen this country we love by restoring opportunity repairing our alliances and standing in the world and upholding our fundamental commitment to justice fairness responsibility and the rule of law. But first they need our votes. ,Trust,0.028080966,0.002859662,0.00482065,0.154347107,0.220879689,0.031380463,0.009324874,0.548306584,confident,0.765,0.723,0.324,joy-positive-trust-
11,BarackObama,8/1/18 9:20,I m confident that together they ll strengthen this country we love by restoring opportunity repairing our alliances and standing in the world and upholding our fundamental commitment to justice fairness responsibility and the rule of law. But first they need our votes. ,Trust,0.028080966,0.002859662,0.00482065,0.154347107,0.220879689,0.031380463,0.009324874,0.548306584,country,0.698,0.693,0.394,-
11,BarackObama,8/1/18 9:20,I m confident that together they ll strengthen this country we love by restoring opportunity repairing our alliances and standing in the world and upholding our fundamental commitment to justice fairness responsibility and the rule of law. But first they need our votes. ,Trust,0.028080966,0.002859662,0.00482065,0.154347107,0.220879689,0.031380463,0.009324874,0.548306584,fairness,0.74,0.552,0.317,-
11,BarackObama,8/1/18 9:20,I m confident that together they ll strengthen this country we love by restoring opportunity repairing our alliances and standing in the world and upholding our fundamental commitment to justice fairness responsibility and the rule of law. But first they need our votes. ,Trust,0.028080966,0.002859662,0.00482065,0.154347107,0.220879689,0.031380463,0.009324874,0.548306584,first,0.625,0.788,0.5,-
11,BarackObama,8/1/18 9:20,I m confident that together they ll strengthen this country we love by restoring opportunity repairing our alliances and standing in the world and upholding our fundamental commitment to justice fairness responsibility and the rule of law. But first they need our votes. ,Trust,0.028080966,0.002859662,0.00482065,0.154347107,0.220879689,0.031380463,0.009324874,0.548306584,fundamental,0.708,0.903,0.422,positive-trust-
11,BarackObama,8/1/18 9:20,I m confident that together they ll strengthen this country we love by restoring opportunity repairing our alliances and standing in the world and upholding our fundamental commitment to justice fairness responsibility and the rule of law. But first they need our votes. ,Trust,0.028080966,0.002859662,0.00482065,0.154347107,0.220879689,0.031380463,0.009324874,0.548306584,justice,0.76,0.787,0.538,positive-trust-
11,BarackObama,8/1/18 9:20,I m confident that together they ll strengthen this country we love by restoring opportunity repairing our alliances and standing in the world and upholding our fundamental commitment to justice fairness responsibility and the rule of law. But first they need our votes. ,Trust,0.028080966,0.002859662,0.00482065,0.154347107,0.220879689,0.031380463,0.009324874,0.548306584,love,1,0.673,0.519,joy-positive-
11,BarackObama,8/1/18 9:20,I m confident that together they ll strengthen this country we love by restoring opportunity repairing our alliances and standing in the world and upholding our fundamental commitment to justice fairness responsibility and the rule of law. But first they need our votes. ,Trust,0.028080966,0.002859662,0.00482065,0.154347107,0.220879689,0.031380463,0.009324874,0.548306584,need,0.51,0.2,0.574,-
11,BarackObama,8/1/18 9:20,I m confident that together they ll strengthen this country we love by restoring opportunity repairing our alliances and standing in the world and upholding our fundamental commitment to justice fairness responsibility and the rule of law. But first they need our votes. ,Trust,0.028080966,0.002859662,0.00482065,0.154347107,0.220879689,0.031380463,0.009324874,0.548306584,opportunity,0.938,0.833,0.745,anticipation-positive-
11,BarackObama,8/1/18 9:20,I m confident that together they ll strengthen this country we love by restoring opportunity repairing our alliances and standing in the world and upholding our fundamental commitment to justice fairness responsibility and the rule of law. But first they need our votes. ,Trust,0.028080966,0.002859662,0.00482065,0.154347107,0.220879689,0.031380463,0.009324874,0.548306584,responsibility,0.76,0.852,0.5,-
11,BarackObama,8/1/18 9:20,I m confident that together they ll strengthen this country we love by restoring opportunity repairing our alliances and standing in the world and upholding our fundamental commitment to justice fairness responsibility and the rule of law. But first they need our votes. ,Trust,0.028080966,0.002859662,0.00482065,0.154347107,0.220879689,0.031380463,0.009324874,0.548306584,restoring,0.82,0.783,0.49,positive-
11,BarackObama,8/1/18 9:20,I m confident that together they ll strengthen this country we love by restoring opportunity repairing our alliances and standing in the world and upholding our fundamental commitment to justice fairness responsibility and the rule of law. But first they need our votes. ,Trust,0.028080966,0.002859662,0.00482065,0.154347107,0.220879689,0.031380463,0.009324874,0.548306584,rule,0.567,0.593,0.427,fear-trust-
11,BarackObama,8/1/18 9:20,I m confident that together they ll strengthen this country we love by restoring opportunity repairing our alliances and standing in the world and upholding our fundamental commitment to justice fairness responsibility and the rule of law. But first they need our votes. ,Trust,0.028080966,0.002859662,0.00482065,0.154347107,0.220879689,0.031380463,0.009324874,0.548306584,standing,0.604,0.425,0.317,positive-
11,BarackObama,8/1/18 9:20,I m confident that together they ll strengthen this country we love by restoring opportunity repairing our alliances and standing in the world and upholding our fundamental commitment to justice fairness responsibility and the rule of law. But first they need our votes. ,Trust,0.028080966,0.002859662,0.00482065,0.154347107,0.220879689,0.031380463,0.009324874,0.548306584,strengthen,0.802,0.971,0.796,positive-
11,BarackObama,8/1/18 9:20,I m confident that together they ll strengthen this country we love by restoring opportunity repairing our alliances and standing in the world and upholding our fundamental commitment to justice fairness responsibility and the rule of law. But first they need our votes. ,Trust,0.028080966,0.002859662,0.00482065,0.154347107,0.220879689,0.031380463,0.009324874,0.548306584,together,0.874,0.658,0.392,-
11,BarackObama,8/1/18 9:20,I m confident that together they ll strengthen this country we love by restoring opportunity repairing our alliances and standing in the world and upholding our fundamental commitment to justice fairness responsibility and the rule of law. But first they need our votes. ,Trust,0.028080966,0.002859662,0.00482065,0.154347107,0.220879689,0.031380463,0.009324874,0.548306584,world,0.622,0.75,0.394,-
12,BarackObama,8/1/18 9:20,Today I m proud to endorse such a wide and impressive array of Democratic candidates leaders as diverse patriotic and big-hearted as the America they re running to represent: ,Joy,0.016688881,0.000601649,0.002545162,0.047955327,0.818715453,0.011487505,0.027016539,0.074989468,array,0.521,0.568,0.396,positive-
12,BarackObama,8/1/18 9:20,Today I m proud to endorse such a wide and impressive array of Democratic candidates leaders as diverse patriotic and big-hearted as the America they re running to represent: ,Joy,0.016688881,0.000601649,0.002545162,0.047955327,0.818715453,0.011487505,0.027016539,0.074989468,diverse,0.562,0.604,0.519,negative-positive-
12,BarackObama,8/1/18 9:20,Today I m proud to endorse such a wide and impressive array of Democratic candidates leaders as diverse patriotic and big-hearted as the America they re running to represent: ,Joy,0.016688881,0.000601649,0.002545162,0.047955327,0.818715453,0.011487505,0.027016539,0.074989468,endorse,0.592,0.472,0.392,-
12,BarackObama,8/1/18 9:20,Today I m proud to endorse such a wide and impressive array of Democratic candidates leaders as diverse patriotic and big-hearted as the America they re running to represent: ,Joy,0.016688881,0.000601649,0.002545162,0.047955327,0.818715453,0.011487505,0.027016539,0.074989468,impressive,0.781,0.873,0.83,-
12,BarackObama,8/1/18 9:20,Today I m proud to endorse such a wide and impressive array of Democratic candidates leaders as diverse patriotic and big-hearted as the America they re running to represent: ,Joy,0.016688881,0.000601649,0.002545162,0.047955327,0.818715453,0.011487505,0.027016539,0.074989468,patriotic,0.875,0.933,0.509,-
12,BarackObama,8/1/18 9:20,Today I m proud to endorse such a wide and impressive array of Democratic candidates leaders as diverse patriotic and big-hearted as the America they re running to represent: ,Joy,0.016688881,0.000601649,0.002545162,0.047955327,0.818715453,0.011487505,0.027016539,0.074989468,proud,0.906,0.873,0.7,anticipation-joy-positive-trust-
12,BarackObama,8/1/18 9:20,Today I m proud to endorse such a wide and impressive array of Democratic candidates leaders as diverse patriotic and big-hearted as the America they re running to represent: ,Joy,0.016688881,0.000601649,0.002545162,0.047955327,0.818715453,0.011487505,0.027016539,0.074989468,running,0.73,0.442,0.858,-
12,BarackObama,8/1/18 9:20,Today I m proud to endorse such a wide and impressive array of Democratic candidates leaders as diverse patriotic and big-hearted as the America they re running to represent: ,Joy,0.016688881,0.000601649,0.002545162,0.047955327,0.818715453,0.011487505,0.027016539,0.074989468,running,shoes,0.573,0.653,-
12,BarackObama,8/1/18 9:20,Today I m proud to endorse such a wide and impressive array of Democratic candidates leaders as diverse patriotic and big-hearted as the America they re running to represent: ,Joy,0.016688881,0.000601649,0.002545162,0.047955327,0.818715453,0.011487505,0.027016539,0.074989468,wide,0.571,0.472,0.312,-
27,BarackObama,8/1/18 9:19,Mandela Day is about taking action to change the world for the better. In these young people I see Madiba's example of persistence and hope. They are poised to make this world more peaceful more prosperous and more just. ,Trust,0.012251632,0.00329383,0.019699594,0.028583102,0.438444167,0.013841407,0.024902206,0.458984077,action,0.76,0.802,0.898,positive-
28,BarackObama,8/2/18 9:19,Mandela Day is about taking action to change the world for the better. In these young people I see Madiba's example of persistence and hope. They are poised to make this world more peaceful more prosperous and more just. ,Trust,0.012251632,0.00329383,0.019699594,0.028583102,0.438444167,0.013841407,0.024902206,0.458984077,action,0.76,0.802,0.898,positive-
29,BarackObama,8/3/18 9:19,Mandela Day is about taking action to change the world for the better. In these young people I see Madiba's example of persistence and hope. They are poised to make this world more peaceful more prosperous and more just. ,Trust,0.012251632,0.00329383,0.019699594,0.028583102,0.438444167,0.013841407,0.024902206,0.458984077,action,0.76,0.802,0.898,positive-
30,BarackObama,8/4/18 9:19,Mandela Day is about taking action to change the world for the better. In these young people I see Madiba's example of persistence and hope. They are poised to make this world more peaceful more prosperous and more just. ,Trust,0.012251632,0.00329383,0.019699594,0.028583102,0.438444167,0.013841407,0.024902206,0.458984077,action,0.76,0.802,0.898,positive-
31,BarackObama,8/5/18 9:19,Mandela Day is about taking action to change the world for the better. In these young people I see Madiba's example of persistence and hope. They are poised to make this world more peaceful more prosperous and more just. ,Trust,0.012251632,0.00329383,0.019699594,0.028583102,0.438444167,0.013841407,0.024902206,0.458984077,action,0.76,0.802,0.898,positive-
32,BarackObama,8/6/18 9:19,Mandela Day is about taking action to change the world for the better. In these young people I see Madiba's example of persistence and hope. They are poised to make this world more peaceful more prosperous and more just. ,Trust,0.012251632,0.00329383,0.019699594,0.028583102,0.438444167,0.013841407,0.024902206,0.458984077,action,0.76,0.802,0.898,positive-
33,BarackObama,8/7/18 9:19,Mandela Day is about taking action to change the world for the better. In these young people I see Madiba's example of persistence and hope. They are poised to make this world more peaceful more prosperous and more just. ,Trust,0.012251632,0.00329383,0.019699594,0.028583102,0.438444167,0.013841407,0.024902206,0.458984077,action,0.76,0.802,0.898,positive-
34,BarackObama,8/8/18 9:19,Mandela Day is about taking action to change the world for the better. In these young people I see Madiba's example of persistence and hope. They are poised to make this world more peaceful more prosperous and more just. ,Trust,0.012251632,0.00329383,0.019699594,0.028583102,0.438444167,0.013841407,0.024902206,0.458984077,action,0.76,0.802,0.898,positive-
35,BarackObama,8/9/18 9:19,Mandela Day is about taking action to change the world for the better. In these young people I see Madiba's example of persistence and hope. They are poised to make this world more peaceful more prosperous and more just. ,Trust,0.012251632,0.00329383,0.019699594,0.028583102,0.438444167,0.013841407,0.024902206,0.458984077,action,0.76,0.802,0.898,positive-
16,BarackObama,6/8/18 9:01,Low plastic stool cheap but delicious noodles cold Hanoi beer. This is how I ll remember Tony. He taught us about food but more importantly about its ability to bring us together. To make us a little less afraid of the unknown. We ll miss him. ,Trust,0.00795093,0.0015001,0.00023749,0.224112779,0.201589689,0.162362471,0.000244727,0.402001828,ability,0.875,0.816,0.51,positive-
16,BarackObama,6/8/18 9:01,Low plastic stool cheap but delicious noodles cold Hanoi beer. This is how I ll remember Tony. He taught us about food but more importantly about its ability to bring us together. To make us a little less afraid of the unknown. We ll miss him. ,Trust,0.00795093,0.0015001,0.00023749,0.224112779,0.201589689,0.162362471,0.000244727,0.402001828,afraid,0.01,0.245,0.775,fear-negative-
16,BarackObama,6/8/18 9:01,Low plastic stool cheap but delicious noodles cold Hanoi beer. This is how I ll remember Tony. He taught us about food but more importantly about its ability to bring us together. To make us a little less afraid of the unknown. We ll miss him. ,Trust,0.00795093,0.0015001,0.00023749,0.224112779,0.201589689,0.162362471,0.000244727,0.402001828,bring,0.635,0.462,0.46,-
16,BarackObama,6/8/18 9:01,Low plastic stool cheap but delicious noodles cold Hanoi beer. This is how I ll remember Tony. He taught us about food but more importantly about its ability to bring us together. To make us a little less afraid of the unknown. We ll miss him. ,Trust,0.00795093,0.0015001,0.00023749,0.224112779,0.201589689,0.162362471,0.000244727,0.402001828,cheap,0.612,0.272,0.471,negative-
16,BarackObama,6/8/18 9:01,Low plastic stool cheap but delicious noodles cold Hanoi beer. This is how I ll remember Tony. He taught us about food but more importantly about its ability to bring us together. To make us a little less afraid of the unknown. We ll miss him. ,Trust,0.00795093,0.0015001,0.00023749,0.224112779,0.201589689,0.162362471,0.000244727,0.402001828,cold,0.398,0.348,0.538,negative-
16,BarackObama,6/8/18 9:01,Low plastic stool cheap but delicious noodles cold Hanoi beer. This is how I ll remember Tony. He taught us about food but more importantly about its ability to bring us together. To make us a little less afraid of the unknown. We ll miss him. ,Trust,0.00795093,0.0015001,0.00023749,0.224112779,0.201589689,0.162362471,0.000244727,0.402001828,delicious,0.927,0.589,0.65,joy-positive-
16,BarackObama,6/8/18 9:01,Low plastic stool cheap but delicious noodles cold Hanoi beer. This is how I ll remember Tony. He taught us about food but more importantly about its ability to bring us together. To make us a little less afraid of the unknown. We ll miss him. ,Trust,0.00795093,0.0015001,0.00023749,0.224112779,0.201589689,0.162362471,0.000244727,0.402001828,food,0.888,0.527,0.324,joy-positive-trust-
16,BarackObama,6/8/18 9:01,Low plastic stool cheap but delicious noodles cold Hanoi beer. This is how I ll remember Tony. He taught us about food but more importantly about its ability to bring us together. To make us a little less afraid of the unknown. We ll miss him. ,Trust,0.00795093,0.0015001,0.00023749,0.224112779,0.201589689,0.162362471,0.000244727,0.402001828,less,0.265,0.115,0.24,-
16,BarackObama,6/8/18 9:01,Low plastic stool cheap but delicious noodles cold Hanoi beer. This is how I ll remember Tony. He taught us about food but more importantly about its ability to bring us together. To make us a little less afraid of the unknown. We ll miss him. ,Trust,0.00795093,0.0015001,0.00023749,0.224112779,0.201589689,0.162362471,0.000244727,0.402001828,little,0.385,0.213,0.16,-
16,BarackObama,6/8/18 9:01,Low plastic stool cheap but delicious noodles cold Hanoi beer. This is how I ll remember Tony. He taught us about food but more importantly about its ability to bring us together. To make us a little less afraid of the unknown. We ll miss him. ,Trust,0.00795093,0.0015001,0.00023749,0.224112779,0.201589689,0.162362471,0.000244727,0.402001828,make,0.684,0.48,0.42,-
16,BarackObama,6/8/18 9:01,Low plastic stool cheap but delicious noodles cold Hanoi beer. This is how I ll remember Tony. He taught us about food but more importantly about its ability to bring us together. To make us a little less afraid of the unknown. We ll miss him. ,Trust,0.00795093,0.0015001,0.00023749,0.224112779,0.201589689,0.162362471,0.000244727,0.402001828,miss,0.573,0.408,0.49,-
16,BarackObama,6/8/18 9:01,Low plastic stool cheap but delicious noodles cold Hanoi beer. This is how I ll remember Tony. He taught us about food but more importantly about its ability to bring us together. To make us a little less afraid of the unknown. We ll miss him. ,Trust,0.00795093,0.0015001,0.00023749,0.224112779,0.201589689,0.162362471,0.000244727,0.402001828,plastic,0.49,0.32,0.269,-
16,BarackObama,6/8/18 9:01,Low plastic stool cheap but delicious noodles cold Hanoi beer. This is how I ll remember Tony. He taught us about food but more importantly about its ability to bring us together. To make us a little less afraid of the unknown. We ll miss him. ,Trust,0.00795093,0.0015001,0.00023749,0.224112779,0.201589689,0.162362471,0.000244727,0.402001828,remember,0.776,0.454,0.422,-
16,BarackObama,6/8/18 9:01,Low plastic stool cheap but delicious noodles cold Hanoi beer. This is how I ll remember Tony. He taught us about food but more importantly about its ability to bring us together. To make us a little less afraid of the unknown. We ll miss him. ,Trust,0.00795093,0.0015001,0.00023749,0.224112779,0.201589689,0.162362471,0.000244727,0.402001828,stool,0.448,0.302,0.269,-
16,BarackObama,6/8/18 9:01,Low plastic stool cheap but delicious noodles cold Hanoi beer. This is how I ll remember Tony. He taught us about food but more importantly about its ability to bring us together. To make us a little less afraid of the unknown. We ll miss him. ,Trust,0.00795093,0.0015001,0.00023749,0.224112779,0.201589689,0.162362471,0.000244727,0.402001828,taught,0.814,0.642,0.481,trust-
17,BarackObama,6/1/18 8:33,This National Gun Violence Awareness Day show your commitment to keeping our kids safe from gun violence. Then for everyone we ve lost take action to change our leadership and our laws until they reflect that commitment - no matter how long it takes. ,Trust,0.067683376,0.005200455,0.044387735,0.121719755,0.09895581,0.155522704,0.016470166,0.490060002,action,0.76,0.802,0.898,positive-
17,BarackObama,6/1/18 8:33,This National Gun Violence Awareness Day show your commitment to keeping our kids safe from gun violence. Then for everyone we ve lost take action to change our leadership and our laws until they reflect that commitment - no matter how long it takes. ,Trust,0.067683376,0.005200455,0.044387735,0.121719755,0.09895581,0.155522704,0.016470166,0.490060002,action,figure,0.774,0.615,positive-
17,BarackObama,6/1/18 8:33,This National Gun Violence Awareness Day show your commitment to keeping our kids safe from gun violence. Then for everyone we ve lost take action to change our leadership and our laws until they reflect that commitment - no matter how long it takes. ,Trust,0.067683376,0.005200455,0.044387735,0.121719755,0.09895581,0.155522704,0.016470166,0.490060002,change,0.625,0.606,0.575,fear-
17,BarackObama,6/1/18 8:33,This National Gun Violence Awareness Day show your commitment to keeping our kids safe from gun violence. Then for everyone we ve lost take action to change our leadership and our laws until they reflect that commitment - no matter how long it takes. ,Trust,0.067683376,0.005200455,0.044387735,0.121719755,0.09895581,0.155522704,0.016470166,0.490060002,commitment,0.714,0.843,0.71,-
17,BarackObama,6/1/18 8:33,This National Gun Violence Awareness Day show your commitment to keeping our kids safe from gun violence. Then for everyone we ve lost take action to change our leadership and our laws until they reflect that commitment - no matter how long it takes. ,Trust,0.067683376,0.005200455,0.044387735,0.121719755,0.09895581,0.155522704,0.016470166,0.490060002,gun,0.147,0.713,0.92,anger-fear-negative-
17,BarackObama,6/1/18 8:33,This National Gun Violence Awareness Day show your commitment to keeping our kids safe from gun violence. Then for everyone we ve lost take action to change our leadership and our laws until they reflect that commitment - no matter how long it takes. ,Trust,0.067683376,0.005200455,0.044387735,0.121719755,0.09895581,0.155522704,0.016470166,0.490060002,keeping,0.592,0.723,0.28,-
17,BarackObama,6/1/18 8:33,This National Gun Violence Awareness Day show your commitment to keeping our kids safe from gun violence. Then for everyone we ve lost take action to change our leadership and our laws until they reflect that commitment - no matter how long it takes. ,Trust,0.067683376,0.005200455,0.044387735,0.121719755,0.09895581,0.155522704,0.016470166,0.490060002,kids,0.837,0.417,0.5,-
17,BarackObama,6/1/18 8:33,This National Gun Violence Awareness Day show your commitment to keeping our kids safe from gun violence. Then for everyone we ve lost take action to change our leadership and our laws until they reflect that commitment - no matter how long it takes. ,Trust,0.067683376,0.005200455,0.044387735,0.121719755,0.09895581,0.155522704,0.016470166,0.490060002,leadership,0.87,0.983,0.69,-
17,BarackObama,6/1/18 8:33,This National Gun Violence Awareness Day show your commitment to keeping our kids safe from gun violence. Then for everyone we ve lost take action to change our leadership and our laws until they reflect that commitment - no matter how long it takes. ,Trust,0.067683376,0.005200455,0.044387735,0.121719755,0.09895581,0.155522704,0.016470166,0.490060002,long,0.541,0.543,0.353,anticipation-
17,BarackObama,6/1/18 8:33,This National Gun Violence Awareness Day show your commitment to keeping our kids safe from gun violence. Then for everyone we ve lost take action to change our leadership and our laws until they reflect that commitment - no matter how long it takes. ,Trust,0.067683376,0.005200455,0.044387735,0.121719755,0.09895581,0.155522704,0.016470166,0.490060002,lost,0.199,0.148,0.663,negative-sadness-
17,BarackObama,6/1/18 8:33,This National Gun Violence Awareness Day show your commitment to keeping our kids safe from gun violence. Then for everyone we ve lost take action to change our leadership and our laws until they reflect that commitment - no matter how long it takes. ,Trust,0.067683376,0.005200455,0.044387735,0.121719755,0.09895581,0.155522704,0.016470166,0.490060002,matter,0.487,0.562,0.353,-
17,BarackObama,6/1/18 8:33,This National Gun Violence Awareness Day show your commitment to keeping our kids safe from gun violence. Then for everyone we ve lost take action to change our leadership and our laws until they reflect that commitment - no matter how long it takes. ,Trust,0.067683376,0.005200455,0.044387735,0.121719755,0.09895581,0.155522704,0.016470166,0.490060002,no,anticipation,0.48,0.396,-
17,BarackObama,6/1/18 8:33,This National Gun Violence Awareness Day show your commitment to keeping our kids safe from gun violence. Then for everyone we ve lost take action to change our leadership and our laws until they reflect that commitment - no matter how long it takes. ,Trust,0.067683376,0.005200455,0.044387735,0.121719755,0.09895581,0.155522704,0.016470166,0.490060002,no,disgust,0.324,0.51,-
17,BarackObama,6/1/18 8:33,This National Gun Violence Awareness Day show your commitment to keeping our kids safe from gun violence. Then for everyone we ve lost take action to change our leadership and our laws until they reflect that commitment - no matter how long it takes. ,Trust,0.067683376,0.005200455,0.044387735,0.121719755,0.09895581,0.155522704,0.016470166,0.490060002,no,emotion,0.109,0.17,-
17,BarackObama,6/1/18 8:33,This National Gun Violence Awareness Day show your commitment to keeping our kids safe from gun violence. Then for everyone we ve lost take action to change our leadership and our laws until they reflect that commitment - no matter how long it takes. ,Trust,0.067683376,0.005200455,0.044387735,0.121719755,0.09895581,0.155522704,0.016470166,0.490060002,no,sentiment,0.382,0.092,-
17,BarackObama,6/1/18 8:33,This National Gun Violence Awareness Day show your commitment to keeping our kids safe from gun violence. Then for everyone we ve lost take action to change our leadership and our laws until they reflect that commitment - no matter how long it takes. ,Trust,0.067683376,0.005200455,0.044387735,0.121719755,0.09895581,0.155522704,0.016470166,0.490060002,no,surprise,0.224,0.171,-
17,BarackObama,6/1/18 8:33,This National Gun Violence Awareness Day show your commitment to keeping our kids safe from gun violence. Then for everyone we ve lost take action to change our leadership and our laws until they reflect that commitment - no matter how long it takes. ,Trust,0.067683376,0.005200455,0.044387735,0.121719755,0.09895581,0.155522704,0.016470166,0.490060002,no,trust,0.445,0.055,-
17,BarackObama,6/1/18 8:33,This National Gun Violence Awareness Day show your commitment to keeping our kids safe from gun violence. Then for everyone we ve lost take action to change our leadership and our laws until they reflect that commitment - no matter how long it takes. ,Trust,0.067683376,0.005200455,0.044387735,0.121719755,0.09895581,0.155522704,0.016470166,0.490060002,reflect,0.698,0.472,0.342,-
17,BarackObama,6/1/18 8:33,This National Gun Violence Awareness Day show your commitment to keeping our kids safe from gun violence. Then for everyone we ve lost take action to change our leadership and our laws until they reflect that commitment - no matter how long it takes. ,Trust,0.067683376,0.005200455,0.044387735,0.121719755,0.09895581,0.155522704,0.016470166,0.490060002,safe,0.898,0.759,0.306,joy-positive-trust-
17,BarackObama,6/1/18 8:33,This National Gun Violence Awareness Day show your commitment to keeping our kids safe from gun violence. Then for everyone we ve lost take action to change our leadership and our laws until they reflect that commitment - no matter how long it takes. ,Trust,0.067683376,0.005200455,0.044387735,0.121719755,0.09895581,0.155522704,0.016470166,0.490060002,show,0.673,0.719,0.771,trust-
17,BarackObama,6/1/18 8:33,This National Gun Violence Awareness Day show your commitment to keeping our kids safe from gun violence. Then for everyone we ve lost take action to change our leadership and our laws until they reflect that commitment - no matter how long it takes. ,Trust,0.067683376,0.005200455,0.044387735,0.121719755,0.09895581,0.155522704,0.016470166,0.490060002,take,0.828,0.348,0.537,-